{
  "x": 418,
  "y": 3557.35009765625,
  "width": 1072,
  "height": 36.399993896484375
}