{
  "x": 20,
  "y": 5968.89990234375,
  "width": 3736,
  "height": 385.2000122070313
}