{
  "x": 1004,
  "y": 4535.35009765625,
  "width": 400,
  "height": 307.04998779296875
}