{
  "x": 368,
  "y": 1368.9000244140625,
  "width": 400,
  "height": 99.36666870117188
}