{
  "x": 0,
  "y": 3463.61669921875,
  "width": 1908,
  "height": 588.2000122070312
}