{
  "x": 354,
  "y": 4962.39990234375,
  "width": 1200,
  "height": 183.6833343505859
}