{
  "x": 20,
  "y": 2549.7333984375,
  "width": 5604,
  "height": 385.2000122070313
}