{
  "x": 456,
  "y": 7221.783203125,
  "width": 996,
  "height": 576.683349609375
}