{
  "x": 786.2000122070312,
  "y": 5386.08349609375,
  "width": 335.5833435058594,
  "height": 49.68333435058594
}