{
  "x": 871.566650390625,
  "y": 56,
  "width": 87.64999389648438,
  "height": 80
}